{
    "vr_ripkinkaty_026.png": {
        "tree": 0.5615412, 
        "disaster": 0.5138193, 
        "vehicle": 0.9043175
    }, 
    "vr_juliekaty_51.jpg": {
        "natural disaster": 0.7869988, 
        "floodplain": 0.79803467, 
        "disaster": 0.66421515, 
        "flood": 0.81395286, 
        "water": 0.92062384, 
        "water resources": 0.93445396, 
        "watercourse": 0.7955169, 
        "waterway": 0.9591507, 
        "river": 0.9306867, 
        "bank": 0.83162314
    }, 
    "vr_rachelkaty_102.png": {
        "natural disaster": 0.8411069, 
        "floodplain": 0.8450818, 
        "grass": 0.54608756, 
        "disaster": 0.56385344, 
        "flood": 0.83986324, 
        "tree": 0.5806719, 
        "water": 0.95901096, 
        "water resources": 0.8883676, 
        "land lot": 0.6931723, 
        "waterway": 0.89302063, 
        "river": 0.9509147, 
        "bank": 0.8127155, 
        "watercourse": 0.61490184
    }, 
    "r_mickann_01.png": {
        "floodplain": 0.5994704, 
        "river": 0.51798624, 
        "flood": 0.5408456, 
        "tree": 0.87719744, 
        "water": 0.9630771, 
        "water resources": 0.7429688, 
        "grass": 0.6545205, 
        "bank": 0.60560775
    }, 
    "vr_rachelkaty_044.png": {
        "floodplain": 0.8357398, 
        "grass": 0.6805233, 
        "tree": 0.5839423, 
        "water": 0.8859703, 
        "water resources": 0.9324801, 
        "landscape": 0.5483196, 
        "watercourse": 0.76491886, 
        "waterway": 0.92440116, 
        "river": 0.90303487, 
        "land lot": 0.51941204, 
        "bank": 0.9214122
    }, 
    "vr_billdance_11.png": {
        "mode of transport": 0.87525654, 
        "phenomenon": 0.7547649
    }, 
    "vr_juliekaty_34.jpg": {
        "water": 0.63428646, 
        "tree": 0.5710447, 
        "river": 0.60075533, 
        "sky": 0.8029103
    }, 
    "vr_juliekaty_10.jpg": {
        "car": 0.7569802, 
        "mode of transport": 0.87525433, 
        "vehicle": 0.96958417
    }, 
    "vr_ripkinkaty_018.png": {
        "recreation": 0.5628827
    }, 
    "r_tracy katy_04.jpg": {
        "water": 0.90709186, 
        "grass": 0.50698197, 
        "tree": 0.7038009
    }, 
    "vr_juliekaty_50.jpg": {
        "natural disaster": 0.7502873, 
        "floodplain": 0.5897424, 
        "disaster": 0.77580744, 
        "tree": 0.6521491, 
        "recreation": 0.5739835, 
        "water": 0.87323755, 
        "flood": 0.8780812, 
        "vehicle": 0.66655874, 
        "waterway": 0.9450394, 
        "river": 0.71366495
    }, 
    "r_samenergy_7.jpg": {
        "natural disaster": 0.7327825, 
        "flood": 0.74067974, 
        "tree": 0.7970344, 
        "disaster": 0.6737703, 
        "water": 0.6684184
    }, 
    "vr_carolkaty_11.png": {
        "natural disaster": 0.7838639, 
        "recreation": 0.7948446, 
        "disaster": 0.6997855, 
        "floodplain": 0.5010803, 
        "water": 0.6400112, 
        "flood": 0.8547188, 
        "waterway": 0.97730166, 
        "river": 0.55580324, 
        "mode of transport": 0.87525624
    }, 
    "r_johnenergy_25.jpg": {
        "car": 0.79618245, 
        "floor": 0.5963387, 
        "automotive exterior": 0.83252776, 
        "vehicle": 0.6011783
    }, 
    "vr_billdance_03.png": {
        "recreation": 0.7051824, 
        "mode of transport": 0.87525594, 
        "phenomenon": 0.7547649
    }, 
    "vr_rachelkaty_038.png": {
        "natural disaster": 0.6916536, 
        "floodplain": 0.72336423, 
        "grass": 0.54504406, 
        "disaster": 0.536315, 
        "flood": 0.53783125, 
        "tree": 0.5719201, 
        "water": 0.922987, 
        "water resources": 0.9178777, 
        "watercourse": 0.7627539, 
        "waterway": 0.8674585, 
        "river": 0.88179415, 
        "land lot": 0.5774895, 
        "bank": 0.8606074
    }, 
    "r_samenergy_12.jpg": {
        "natural disaster": 0.7554764, 
        "floodplain": 0.6155421, 
        "disaster": 0.7195391, 
        "water resources": 0.6339712, 
        "tree": 0.60152024, 
        "water": 0.95155454, 
        "flood": 0.8787898, 
        "river": 0.8238942, 
        "bank": 0.777031
    }, 
    "r_faith_19.jpg": {
        "sky": 0.50007266
    }, 
    "vr_ripkinkaty_052.png": {
        "sky": 0.78044826
    }, 
    "r_samenergy_17.jpg": {
        "recreation": 0.6070891, 
        "tree": 0.5879399, 
        "road": 0.75956523, 
        "vehicle": 0.6256717
    }, 
    "r_faith_28.jpg": {
        "grass": 0.5735321, 
        "sky": 0.8841218
    }, 
    "r_faith_13.jpg": {
        "natural disaster": 0.7083848, 
        "water resources": 0.709752, 
        "disaster": 0.8039337, 
        "road": 0.7408657, 
        "vehicle": 0.52245355
    }, 
    "vr_juliekaty_24.jpg": {
        "natural disaster": 0.58990365, 
        "floodplain": 0.72600013, 
        "phenomenon": 0.7547649, 
        "water resources": 0.5782748, 
        "sky": 0.63761544, 
        "tree": 0.779862, 
        "water": 0.9218439, 
        "flood": 0.6020399, 
        "watercourse": 0.50834876, 
        "waterway": 0.87460494, 
        "river": 0.83815324, 
        "bank": 0.7216216
    }, 
    "vr_ripkinkaty_032.png": {
        "natural disaster": 0.75370556, 
        "floodplain": 0.69128126, 
        "grass": 0.52761775, 
        "disaster": 0.6700173, 
        "tree": 0.8835807, 
        "sky": 0.6777551, 
        "recreation": 0.5160115, 
        "water": 0.9659241, 
        "flood": 0.7831587, 
        "river": 0.5786516, 
        "bank": 0.5456743
    }, 
    "vr_kathrynkaty_091.png": {
        "plant": 0.82028466, 
        "tree": 0.9241825, 
        "floodplain": 0.56371015, 
        "water": 0.82602394, 
        "grass": 0.87665004, 
        "landscape": 0.7092666
    }, 
    "vr_rachelkaty_053.png": {
        "natural disaster": 0.6807535, 
        "disaster": 0.6204057, 
        "flood": 0.6407204, 
        "water": 0.8913596, 
        "water resources": 0.9137846, 
        "watercourse": 0.5563006, 
        "waterway": 0.87688637, 
        "river": 0.54693264, 
        "bank": 0.61630887
    }, 
    "vr_juliekaty_01.jpg": {
        "recreation": 0.6558867, 
        "tree": 0.67342484, 
        "vehicle": 0.6740493
    }, 
    "vr_ripkinkaty_037.png": {
        "water": 0.8876664, 
        "car": 0.9087696, 
        "tree": 0.65953046, 
        "phenomenon": 0.7547649, 
        "vehicle": 0.5737345
    }, 
    "r_faith_30.jpg": {
        "tree": 0.78701305, 
        "sky": 0.81982577
    }, 
    "vr_juliekaty_56.jpg": {
        "natural disaster": 0.5611122, 
        "floodplain": 0.64728206, 
        "flood": 0.57999545, 
        "tree": 0.6729561, 
        "water": 0.7641864, 
        "water resources": 0.6000512, 
        "grass": 0.78602815, 
        "land lot": 0.62183064
    }, 
    "check metadata on this image shared.jpg": {
        "natural disaster": 0.7472661, 
        "automotive exterior": 0.5689149, 
        "disaster": 0.7438774, 
        "car": 0.8041942, 
        "flood": 0.639239, 
        "vehicle": 0.7282531, 
        "road": 0.6462704
    }, 
    "r_tracy katy_11.jpg": {
        "water": 0.9102513, 
        "car": 0.71899843, 
        "automotive exterior": 0.64851934, 
        "vehicle": 0.80655
    }, 
    "r_caspakaty_02.png": {
        "natural disaster": 0.725873, 
        "disaster": 0.7560611, 
        "house": 0.74512976, 
        "tree": 0.50365406, 
        "water": 0.58139175, 
        "flood": 0.5332639, 
        "landscape": 0.5378786
    }, 
    "vr_rachelkaty_067.png": {
        "natural disaster": 0.82764685, 
        "floodplain": 0.7848571, 
        "disaster": 0.7013384, 
        "water resources": 0.7162613, 
        "tree": 0.65658903, 
        "water": 0.88662326, 
        "flood": 0.9078728, 
        "river": 0.80129313, 
        "bank": 0.6315351
    }, 
    "r_johnenergy_22.jpg": {
        "house": 0.76104516, 
        "window": 0.78392506
    },